"Label"	"Purpose"	"Description"	"Author"	"Relative_Path"	"All_DB_Regexp"	"DB2_Regexp"	"MySQL_Regexp"	"Oracle_Regexp"	"PostgreSQL_Regexp"	"SQL_Server_Regexp"	"Sybase_Regexp"	"Ingres_Regexp"	"Informix_Regexp"	"SQLite3_Regexp"	"Teradata_Regexp"
"Mobile number of India"	"+919123456789 ||| +91-9123456789 ||| 919123456789 ||| 09123456789 ||| 91234567898123456789 ||| +91-912345678 ||| +9191234567890"	"This expression will be useful to check mobile 
number of India. This expression will check 
various types of number like number in local 
format or international number separated by 
hyphen(-) or not."	"Nandip Makwana"	""	"'(\\\\+91(-)?|91(-)?|0(-)?)?(9)[0-9]{9}'"	""	""	""	""	""	""	""	""	""	""
