"Label"	"Purpose"	"Description"	"Author"	"Relative_Path"	"All_DB_Regexp"	"DB2_Regexp"	"MySQL_Regexp"	"Oracle_Regexp"	"PostgreSQL_Regexp"	"SQL_Server_Regexp"	"Sybase_Regexp"	"Ingres_Regexp"	"Informix_Regexp"	"MDM_Informix_Regexp"	"SQLite3_Regexp"	"Teradata_Regexp"	"Java_Regexp"	"Category"	"Access"	"AS400"	"CLASS_NAME_TEXT"	"JAR_FILE_PATH"
"Dutch_VAT_Number"	"VAT Number format verification (Netherlands)"	"Matches 
NL123456789B01|NL123456789.B01
Non Matches
123456789B01|NL1234.56.789.B01"	"fweeber@xsed.nl"	""	"'^(NL)[0-9]{9}(B|.B)[0-9]{2}$'"	""	""	""	""	""	""	""	""	""	""	""	""	""	""	""	""	""
