"Label"	"Purpose"	"Description"	"Author"	"Relative_Path"	"All_DB_Regexp"	"DB2_Regexp"	"MySQL_Regexp"	"Oracle_Regexp"	"PostgreSQL_Regexp"	"SQL_Server_Regexp"	"Sybase_Regexp"	"Ingres_Regexp"	"Informix_Regexp"	"MDM_Informix_Regexp"	"SQLite3_Regexp"	"Teradata_Regexp"	"Java_Regexp"	"Category"
"Standard deviation (rounded)"	"Compute the standard deviation (rounded to floor)"	"The rounding is necessary because the \"User Defined Count\" category expects a long value as a result"	"scorreia"	""	"SELECT  FLOOR(SQRT(
  SUM(<%=__COLUMN_NAMES__%> * <%=__COLUMN_NAMES__%>) 
     - 
  (
   SUM(<%=__COLUMN_NAMES__%>)*SUM(<%=__COLUMN_NAMES__%>)
          /COUNT(<%=__COLUMN_NAMES__%>)
  )
)/(COUNT(<%=__COLUMN_NAMES__%>)-1)) FROM <%=__TABLE_NAME__%>  <%=__WHERE_CLAUSE__%>"	""	""	""	""	""	""	""	""	""	""	""	""	"User Defined Count"
