"Label"	"Purpose"	"Description"	"Author"	"Relative_Path"	"All_DB_Regexp"	"DB2_Regexp"	"MySQL_Regexp"	"Oracle_Regexp"	"PostgreSQL_Regexp"	"SQL_Server_Regexp"	"Sybase_Regexp"	"Ingres_Regexp"	"Informix_Regexp"	"MDM_Informix_Regexp"	"SQLite3_Regexp"	"Teradata_Regexp"	"Java_Regexp"	"Category"	"Access"	"AS400"	"CLASS_NAME_TEXT"	"JAR_FILE_PATH"	"Hive"
"Length Range Frequency"	"get length ranges of data"	"group data according to their length range. 
Ranges are the following: 
data of length < 10
data of length < 20
data of length < 30
data of length >= 30
null data"	"s@t.c"	""	""	""	"SELECT 
case when CHAR_LENGTH(<%=__COLUMN_NAMES__%>) < 10 then 'length < 10' else 
case when CHAR_LENGTH(<%=__COLUMN_NAMES__%>) < 20 then 'length in [10,20[' else
case when CHAR_LENGTH(<%=__COLUMN_NAMES__%>) < 30 then 'length in [20,30[' else 
case when<%=__COLUMN_NAMES__%> IS NULL then null else 
'length >= 30'
end end end end as 'length range', 
count(*) FROM <%=__TABLE_NAME__%>
group by 1"	""	""	""	""	""	""	""	""	""	""	"User Defined Frequency"	""	""	""	""	""
