"Label"	"Purpose"	"Description"	"Author"	"Relative_Path"	"All_DB_Regexp"	"DB2_Regexp"	"MySQL_Regexp"	"Oracle_Regexp"	"PostgreSQL_Regexp"	"SQL_Server_Regexp"	"Sybase_Regexp"	"Ingres_Regexp"	"Informix_Regexp"	"MDM_Informix_Regexp"	"SQLite3_Regexp"	"Teradata_Regexp"	"Java_Regexp"	"Category"	"Access"	"AS400"
"FR Phone Number (parenthesis allowed)"	"match French phone numbers in several format"	"matches:
0033 1 47 25 00 00
+33 1 47 25 00 00
(33) 1 47 25 00 00
0033147250000
01-47-25-00-00
01 47 25 00 00
Does not match
0147 250 000"	"scorreia@talend.com"	"file:/home/scorreia/DEMOS/TOP-All-r47759-V4.0.3/workspace/TOP_DEFAULT_PRJ/TDQ_Libraries/Patterns"	"'^(0033|\\+\\(?33\\)?|0)[ ]?[1-689]([-. ]?[0-9]{2}){4}$'"	""	"'^(0033|\\\\+\\\\(?33\\\\)?|0)[ ]?[1-689]([-. ]?[0-9]{2}){4}$'"	""	""	""	""	""	""	""	""	""	""	""	""	""
